text,komen case folding,komen tokenized,komen normalized,komen stemming,komen bersih
Anis gk punta orogram!anya menyindir dan menyalahkan saja  sedang dia sendiri gk kasih jawaban yg jelas,anis gk punta orogram!anya menyindir dan menyalahkan saja  sedang dia sendiri gk kasih jawaban yg jelas,"['anis', 'gk', 'punta', 'orogram', '!', 'anya', 'menyindir', 'dan', 'menyalahkan', 'saja', 'sedang', 'dia', 'sendiri', 'gk', 'kasih', 'jawaban', 'yg', 'jelas']","['anis', 'gk', 'punta', 'orogram', 'anya', 'menyindir', 'menyalahkan', 'gk', 'kasih', 'yg']","['anis', 'gk', 'punta', 'orogram', 'anya', 'sindir', 'salah', 'gk', 'kasih', 'yg']",anis gk punta orogram anya sindir salah gk kasih yg
Nangis aja mendingan lu bowo,nangis aja mendingan lu bowo,"['nangis', 'aja', 'mendingan', 'lu', 'bowo']","['nangis', 'aja', 'mendingan', 'lu', 'bowo']","['nang', 'aja', 'mending', 'lu', 'bowo']",nang aja mending lu bowo
kalau dak ada petani orang2 kota pd kelaparan tolong di pikir petani kecil,kalau dak ada petani orang2 kota pd kelaparan tolong di pikir petani kecil,"['kalau', 'dak', 'ada', 'petani', 'orang2', 'kota', 'pd', 'kelaparan', 'tolong', 'di', 'pikir', 'petani', 'kecil']","['dak', 'petani', 'kota', 'pd', 'kelaparan', 'tolong', 'pikir', 'petani']","['dak', 'tani', 'kota', 'pd', 'lapar', 'tolong', 'pikir', 'tani']",dak tani kota pd lapar tolong pikir tani
nanti ganjar jd petani semakin menangis beli pupuk uang kontan di persulit,nanti ganjar jd petani semakin menangis beli pupuk uang kontan di persulit,"['nanti', 'ganjar', 'jd', 'petani', 'semakin', 'menangis', 'beli', 'pupuk', 'uang', 'kontan', 'di', 'persulit']","['ganjar', 'jd', 'petani', 'menangis', 'beli', 'pupuk', 'uang', 'kontan', 'persulit']","['ganjar', 'jd', 'tani', 'menang', 'beli', 'pupuk', 'uang', 'kontan', 'sulit']",ganjar jd tani menang beli pupuk uang kontan sulit
milih anis atau probowo petani kecil bebas beli pupuk2,milih anis atau probowo petani kecil bebas beli pupuk2,"['milih', 'anis', 'atau', 'probowo', 'petani', 'kecil', 'bebas', 'beli', 'pupuk2']","['milih', 'anis', 'probowo', 'petani', 'bebas', 'beli']","['milih', 'anis', 'probowo', 'tani', 'bebas', 'beli']",milih anis probowo tani bebas beli
Menurut cerita Negara Palestina Keturunan Nabi Musa yg ingin tetap tinggal dan tdk mau ikut dlm perjalanan ke tanah dataran tinggi Golan..,menurut cerita negara palestina keturunan nabi musa yg ingin tetap tinggal dan tdk mau ikut dlm perjalanan ke tanah dataran tinggi golan..,"['menurut', 'cerita', 'negara', 'palestina', 'keturunan', 'nabi', 'musa', 'yg', 'ingin', 'tetap', 'tinggal', 'dan', 'tdk', 'mau', 'ikut', 'dlm', 'perjalanan', 'ke', 'tanah', 'dataran', 'tinggi', 'golan', '..']","['cerita', 'negara', 'palestina', 'keturunan', 'nabi', 'musa', 'yg', 'tinggal', 'tdk', 'dlm', 'perjalanan', 'tanah', 'dataran', 'golan']","['cerita', 'negara', 'palestina', 'turun', 'nabi', 'musa', 'yg', 'tinggal', 'tdk', 'dlm', 'jalan', 'tanah', 'datar', 'gol']",cerita negara palestina turun nabi musa yg tinggal tdk dlm jalan tanah datar gol
Mantap Pak Anies,mantap pak anies,"['mantap', 'pak', 'anies']","['mantap', 'anies']","['mantap', 'anies']",mantap anies
No.2 selalu di hati,no.2 selalu di hati,"['no.2', 'selalu', 'di', 'hati']",['hati'],['hati'],hati
Jujur kemarin saya masih ragu milih no 2 dan 3<br>TPI setelah melihat debat.saya mantap pilih no 2,jujur kemarin saya masih ragu milih no 2 dan 3<br>tpi setelah melihat debat.saya mantap pilih no 2,"['jujur', 'kemarin', 'saya', 'masih', 'ragu', 'milih', 'no', '2', 'dan', '3', '<', 'br', '>', 'tpi', 'setelah', 'melihat', 'debat.saya', 'mantap', 'pilih', 'no', '2']","['jujur', 'kemarin', 'ragu', 'milih', 'no', 'br', 'tpi', 'mantap', 'pilih', 'no']","['jujur', 'kemarin', 'ragu', 'milih', 'no', 'br', 'tpi', 'mantap', 'pilih', 'no']",jujur kemarin ragu milih no br tpi mantap pilih no
"Pak Ganjar, apakah bapak Tidak lihat di wilayah bapak dan dekat dengan lokasi bapak tinggal, yaitu di jalan lingkungan Universitas Veteran Semarang, Universitas Tujuh belas Agustus Semarang, dan unika. jalan terjal dan tidak karuh-karuhan seperti itu tidak engkau perbaiki, dimana kepedulian bapak terhadap masyarakat produktif dan fasilitas sarana untuk menjalani studi.","pak ganjar, apakah bapak tidak lihat di wilayah bapak dan dekat dengan lokasi bapak tinggal, yaitu di jalan lingkungan universitas veteran semarang, universitas tujuh belas agustus semarang, dan unika. jalan terjal dan tidak karuh-karuhan seperti itu tidak engkau perbaiki, dimana kepedulian bapak terhadap masyarakat produktif dan fasilitas sarana untuk menjalani studi.","['pak', 'ganjar', ',', 'apakah', 'bapak', 'tidak', 'lihat', 'di', 'wilayah', 'bapak', 'dan', 'dekat', 'dengan', 'lokasi', 'bapak', 'tinggal', ',', 'yaitu', 'di', 'jalan', 'lingkungan', 'universitas', 'veteran', 'semarang', ',', 'universitas', 'tujuh', 'belas', 'agustus', 'semarang', ',', 'dan', 'unika', '.', 'jalan', 'terjal', 'dan', 'tidak', 'karuh-karuhan', 'seperti', 'itu', 'tidak', 'engkau', 'perbaiki', ',', 'dimana', 'kepedulian', 'bapak', 'terhadap', 'masyarakat', 'produktif', 'dan', 'fasilitas', 'sarana', 'untuk', 'menjalani', 'studi', '.']","['ganjar', 'lihat', 'wilayah', 'lokasi', 'tinggal', 'jalan', 'lingkungan', 'universitas', 'veteran', 'semarang', 'universitas', 'tujuh', 'belas', 'agustus', 'semarang', 'unika', 'jalan', 'terjal', 'engkau', 'perbaiki', 'dimana', 'kepedulian', 'masyarakat', 'produktif', 'fasilitas', 'sarana', 'menjalani', 'studi']","['ganjar', 'lihat', 'wilayah', 'lokasi', 'tinggal', 'jalan', 'lingkung', 'universitas', 'veteran', 'semarang', 'universitas', 'tujuh', 'belas', 'agustus', 'semarang', 'unika', 'jalan', 'terjal', 'engkau', 'baik', 'mana', 'peduli', 'masyarakat', 'produktif', 'fasilitas', 'sarana', 'jalan', 'studi']",ganjar lihat wilayah lokasi tinggal jalan lingkung universitas veteran semarang universitas tujuh belas agustus semarang unika jalan terjal engkau baik mana peduli masyarakat produktif fasilitas sarana jalan studi
Saya pribadi sangat antosias dng jawaban bpk kita prabowo jujur ap adanya tulus dan iklas  semoga bpk prabowo sehat sllu bersama mas gibran 2 pemimpim yg sangt kmi nantikan dan kami dambakan.,saya pribadi sangat antosias dng jawaban bpk kita prabowo jujur ap adanya tulus dan iklas  semoga bpk prabowo sehat sllu bersama mas gibran 2 pemimpim yg sangt kmi nantikan dan kami dambakan.,"['saya', 'pribadi', 'sangat', 'antosias', 'dng', 'jawaban', 'bpk', 'kita', 'prabowo', 'jujur', 'ap', 'adanya', 'tulus', 'dan', 'iklas', 'semoga', 'bpk', 'prabowo', 'sehat', 'sllu', 'bersama', 'mas', 'gibran', '2', 'pemimpim', 'yg', 'sangt', 'kmi', 'nantikan', 'dan', 'kami', 'dambakan', '.']","['pribadi', 'antosias', 'dng', 'bpk', 'prabowo', 'jujur', 'ap', 'tulus', 'iklas', 'semoga', 'bpk', 'prabowo', 'sehat', 'sllu', 'mas', 'gibran', 'pemimpim', 'yg', 'sangt', 'kmi', 'nantikan', 'dambakan']","['pribadi', 'antosias', 'dng', 'bpk', 'prabowo', 'jujur', 'ap', 'tulus', 'iklas', 'moga', 'bpk', 'prabowo', 'sehat', 'sllu', 'mas', 'gibran', 'pemimpim', 'yg', 'sangt', 'kmi', 'nanti', 'damba']",pribadi antosias dng bpk prabowo jujur ap tulus iklas moga bpk prabowo sehat sllu mas gibran pemimpim yg sangt kmi nanti damba
Assalamualaikum....Apapun yang Terjadi saya tetap BAPAK PRABOWO.,assalamualaikum....apapun yang terjadi saya tetap bapak prabowo.,"['assalamualaikum', '....', 'apapun', 'yang', 'terjadi', 'saya', 'tetap', 'bapak', 'prabowo', '.']","['assalamualaikum', 'apapun', 'prabowo']","['assalamualaikum', 'apa', 'prabowo']",assalamualaikum apa prabowo
"Btul itu pak Prabowo, jgan cuman pandai cakap saja, tdak ad buktinya, anies cuma pandai cakap saja, bukti tdak adð","btul itu pak prabowo, jgan cuman pandai cakap saja, tdak ad buktinya, anies cuma pandai cakap saja, bukti tdak adð","['btul', 'itu', 'pak', 'prabowo', ',', 'jgan', 'cuman', 'pandai', 'cakap', 'saja', ',', 'tdak', 'ad', 'buktinya', ',', 'anies', 'cuma', 'pandai', 'cakap', 'saja', ',', 'bukti', 'tdak', 'adð\x9f\x98']","['btul', 'prabowo', 'jgan', 'cuman', 'pandai', 'cakap', 'tdak', 'ad', 'buktinya', 'anies', 'pandai', 'cakap', 'bukti', 'tdak']","['btul', 'prabowo', 'jgan', 'cuman', 'pandai', 'cakap', 'tdak', 'ad', 'bukti', 'anies', 'pandai', 'cakap', 'bukti', 'tdak']",btul prabowo jgan cuman pandai cakap tdak ad bukti anies pandai cakap bukti tdak
Yaa Allah ... kami semua gk merasa di bodohi sm gus samsudin.. Malah kami lek ngikuti ajaran kalian gk tambah pinterððð malah menambah bodohððð,yaa allah ... kami semua gk merasa di bodohi sm gus samsudin.. malah kami lek ngikuti ajaran kalian gk tambah pinterððð malah menambah bodohððð,"['yaa', 'allah', '...', 'kami', 'semua', 'gk', 'merasa', 'di', 'bodohi', 'sm', 'gus', 'samsudin', '..', 'malah', 'kami', 'lek', 'ngikuti', 'ajaran', 'kalian', 'gk', 'tambah', 'pinterð\x9f\x98\x82ð\x9f\x98\x82ð\x9f\x98\x82', 'malah', 'menambah', 'bodohð\x9f\x98\x82ð\x9f\x98\x82ð\x9f\x98\x82']","['yaa', 'allah', 'gk', 'bodohi', 'sm', 'gus', 'samsudin', 'lek', 'ngikuti', 'ajaran', 'gk', 'menambah']","['yaa', 'allah', 'gk', 'bodoh', 'sm', 'gus', 'samsudin', 'lek', 'ngikuti', 'ajar', 'gk', 'tambah']",yaa allah gk bodoh sm gus samsudin lek ngikuti ajar gk tambah
Berikanlah tujuan yang mudah yaa allah buat bpk.prabowo ðâ¤,berikanlah tujuan yang mudah yaa allah buat bpk.prabowo ðâ¤,"['berikanlah', 'tujuan', 'yang', 'mudah', 'yaa', 'allah', 'buat', 'bpk.prabowo', 'ð\x9f\x98\x8aâ\x9d¤']","['berikanlah', 'tujuan', 'mudah', 'yaa', 'allah']","['beri', 'tuju', 'mudah', 'yaa', 'allah']",beri tuju mudah yaa allah
Semoga ganjar menang,semoga ganjar menang,"['semoga', 'ganjar', 'menang']","['semoga', 'ganjar', 'menang']","['moga', 'ganjar', 'menang']",moga ganjar menang
Keliatan bet personalnya si asbun itu,keliatan bet personalnya si asbun itu,"['keliatan', 'bet', 'personalnya', 'si', 'asbun', 'itu']","['keliatan', 'bet', 'personalnya', 'si', 'asbun']","['liat', 'bet', 'personal', 'si', 'asbun']",liat bet personal si asbun
"hanya pak prabowolah yang matang dari segi apapun masyarakat indonesia harus cerdas memilih siapa yang berpengalaman dalam membawa indonesia untuk terus maju ke depan,","hanya pak prabowolah yang matang dari segi apapun masyarakat indonesia harus cerdas memilih siapa yang berpengalaman dalam membawa indonesia untuk terus maju ke depan,","['hanya', 'pak', 'prabowolah', 'yang', 'matang', 'dari', 'segi', 'apapun', 'masyarakat', 'indonesia', 'harus', 'cerdas', 'memilih', 'siapa', 'yang', 'berpengalaman', 'dalam', 'membawa', 'indonesia', 'untuk', 'terus', 'maju', 'ke', 'depan', ',']","['prabowolah', 'matang', 'segi', 'apapun', 'masyarakat', 'indonesia', 'cerdas', 'memilih', 'berpengalaman', 'membawa', 'indonesia', 'maju']","['prabowolah', 'matang', 'segi', 'apa', 'masyarakat', 'indonesia', 'cerdas', 'pilih', 'alam', 'bawa', 'indonesia', 'maju']",prabowolah matang segi apa masyarakat indonesia cerdas pilih alam bawa indonesia maju
Tenang pak kami slalu di hati bapak tenang si Ganjar SMA si Anis kita masukan ke rumah sakit Grogol pak atas terganggu nya pakta yg benar2 boong..si Anis ngajelekin bapak and mempitnah...udh orng 2 ith lgi km cari soal nya meresahkan pak...<br><br>Demi jabatan ke bohongan dan kta jdi tau sipat2 yg aslinya Khan orng berdua ith siapah sih nama nya lupa ðððð,tenang pak kami slalu di hati bapak tenang si ganjar sma si anis kita masukan ke rumah sakit grogol pak atas terganggu nya pakta yg benar2 boong..si anis ngajelekin bapak and mempitnah...udh orng 2 ith lgi km cari soal nya meresahkan pak...<br><br>demi jabatan ke bohongan dan kta jdi tau sipat2 yg aslinya khan orng berdua ith siapah sih nama nya lupa ðððð,"['tenang', 'pak', 'kami', 'slalu', 'di', 'hati', 'bapak', 'tenang', 'si', 'ganjar', 'sma', 'si', 'anis', 'kita', 'masukan', 'ke', 'rumah', 'sakit', 'grogol', 'pak', 'atas', 'terganggu', 'nya', 'pakta', 'yg', 'benar2', 'boong', '..', 'si', 'anis', 'ngajelekin', 'bapak', 'and', 'mempitnah', '...', 'udh', 'orng', '2', 'ith', 'lgi', 'km', 'cari', 'soal', 'nya', 'meresahkan', 'pak', '...', '<', 'br', '>', '<', 'br', '>', 'demi', 'jabatan', 'ke', 'bohongan', 'dan', 'kta', 'jdi', 'tau', 'sipat2', 'yg', 'aslinya', 'khan', 'orng', 'berdua', 'ith', 'siapah', 'sih', 'nama', 'nya', 'lupa', 'ð\x9f\x98\x82ð\x9f\x98\x82ð\x9f\x98\x82ð\x9f\x98\x82']","['tenang', 'slalu', 'hati', 'tenang', 'si', 'ganjar', 'sma', 'si', 'anis', 'masukan', 'rumah', 'sakit', 'grogol', 'terganggu', 'nya', 'pakta', 'yg', 'boong', 'si', 'anis', 'ngajelekin', 'and', 'mempitnah', 'udh', 'orng', 'ith', 'lgi', 'km', 'cari', 'nya', 'meresahkan', 'br', 'br', 'jabatan', 'bohongan', 'kta', 'jdi', 'tau', 'yg', 'aslinya', 'khan', 'orng', 'berdua', 'ith', 'siapah', 'sih', 'nama', 'nya', 'lupa']","['tenang', 'slalu', 'hati', 'tenang', 'si', 'ganjar', 'sma', 'si', 'anis', 'masuk', 'rumah', 'sakit', 'grogol', 'ganggu', 'nya', 'pakta', 'yg', 'boong', 'si', 'anis', 'ngajelekin', 'and', 'mempitnah', 'udh', 'orng', 'ith', 'lgi', 'km', 'cari', 'nya', 'resah', 'br', 'br', 'jabat', 'bohong', 'kta', 'jdi', 'tau', 'yg', 'asli', 'khan', 'orng', 'dua', 'ith', 'siapah', 'sih', 'nama', 'nya', 'lupa']",tenang slalu hati tenang si ganjar sma si anis masuk rumah sakit grogol ganggu nya pakta yg boong si anis ngajelekin and mempitnah udh orng ith lgi km cari nya resah br br jabat bohong kta jdi tau yg asli khan orng dua ith siapah sih nama nya lupa
Tetap cinta no 2 bpk Prabowo hebat keren,tetap cinta no 2 bpk prabowo hebat keren,"['tetap', 'cinta', 'no', '2', 'bpk', 'prabowo', 'hebat', 'keren']","['cinta', 'no', 'bpk', 'prabowo', 'hebat', 'keren']","['cinta', 'no', 'bpk', 'prabowo', 'hebat', 'keren']",cinta no bpk prabowo hebat keren
Prabowo terbaikk!!,prabowo terbaikk!!,"['prabowo', 'terbaikk', '!', '!']","['prabowo', 'terbaikk']","['prabowo', 'terbaikk']",prabowo terbaikk
Kok kameranya ga terlalu hd yaa??,kok kameranya ga terlalu hd yaa??,"['kok', 'kameranya', 'ga', 'terlalu', 'hd', 'yaa', '?', '?']","['kameranya', 'ga', 'hd', 'yaa']","['kamera', 'ga', 'hd', 'yaa']",kamera ga hd yaa
"<a href=""https://www.youtube.com/watch?v=FKImOfLQTbw&amp;t=2h29m00s"">2:29:00</a> Pak prabowo sudah tegas ingin membuktikan data yang sebenar nya dan transparan.. Silahkan pak ganjar dan pak prabowo membuat forum untuk pembuktian data yang sebenar nya di luar debat capres..<br>Dan untuk pak anis juga, apakah ucapan data yang terucap ketika debat capres itu semua nya benar ? Yang membuat pak prabowo membantah kalau data pak anis itu semua nya keliru ?<br>Salam masuk akal âï¸","<a href=""https://www.youtube.com/watch?v=fkimoflqtbw&amp;t=2h29m00s"">2:29:00</a> pak prabowo sudah tegas ingin membuktikan data yang sebenar nya dan transparan.. silahkan pak ganjar dan pak prabowo membuat forum untuk pembuktian data yang sebenar nya di luar debat capres..<br>dan untuk pak anis juga, apakah ucapan data yang terucap ketika debat capres itu semua nya benar ? yang membuat pak prabowo membantah kalau data pak anis itu semua nya keliru ?<br>salam masuk akal âï¸","['<', 'a', 'href=', ""''"", 'https', ':', '//www.youtube.com/watch', '?', 'v=fkimoflqtbw', '&', 'amp', ';', 't=2h29m00s', ""''"", '>', '2:29:00', '<', '/a', '>', 'pak', 'prabowo', 'sudah', 'tegas', 'ingin', 'membuktikan', 'data', 'yang', 'sebenar', 'nya', 'dan', 'transparan', '..', 'silahkan', 'pak', 'ganjar', 'dan', 'pak', 'prabowo', 'membuat', 'forum', 'untuk', 'pembuktian', 'data', 'yang', 'sebenar', 'nya', 'di', 'luar', 'debat', 'capres', '..', '<', 'br', '>', 'dan', 'untuk', 'pak', 'anis', 'juga', ',', 'apakah', 'ucapan', 'data', 'yang', 'terucap', 'ketika', 'debat', 'capres', 'itu', 'semua', 'nya', 'benar', '?', 'yang', 'membuat', 'pak', 'prabowo', 'membantah', 'kalau', 'data', 'pak', 'anis', 'itu', 'semua', 'nya', 'keliru', '?', '<', 'br', '>', 'salam', 'masuk', 'akal', 'â\x9c\x8cï¸\x8f']","['a', 'https', 'amp', 'prabowo', 'membuktikan', 'data', 'sebenar', 'nya', 'transparan', 'silahkan', 'ganjar', 'prabowo', 'forum', 'pembuktian', 'data', 'sebenar', 'nya', 'debat', 'capres', 'br', 'anis', 'ucapan', 'data', 'terucap', 'debat', 'capres', 'nya', 'prabowo', 'membantah', 'data', 'anis', 'nya', 'keliru', 'br', 'salam', 'masuk', 'akal']","['a', 'https', 'amp', 'prabowo', 'bukti', 'data', 'benar', 'nya', 'transparan', 'silah', 'ganjar', 'prabowo', 'forum', 'bukti', 'data', 'benar', 'nya', 'debat', 'capres', 'br', 'anis', 'ucap', 'data', 'ucap', 'debat', 'capres', 'nya', 'prabowo', 'ban', 'data', 'anis', 'nya', 'keliru', 'br', 'salam', 'masuk', 'akal']",a https amp prabowo bukti data benar nya transparan silah ganjar prabowo forum bukti data benar nya debat capres br anis ucap data ucap debat capres nya prabowo ban data anis nya keliru br salam masuk akal
Cocot anis Baswedan paling clutakkkk tp faktane 0 ððð mimpin Jakarta ae koyo Thaikkkk korupsi neh ððð,cocot anis baswedan paling clutakkkk tp faktane 0 ððð mimpin jakarta ae koyo thaikkkk korupsi neh ððð,"['cocot', 'anis', 'baswedan', 'paling', 'clutakkkk', 'tp', 'faktane', '0', 'ð\x9f\x98\x82ð\x9f\x98\x82ð\x9f\x98\x82', 'mimpin', 'jakarta', 'ae', 'koyo', 'thaikkkk', 'korupsi', 'neh', 'ð\x9f\x98\x9bð\x9f\x98\x9bð\x9f\x98\x9b']","['cocot', 'anis', 'baswedan', 'clutakkkk', 'tp', 'faktane', 'mimpin', 'jakarta', 'ae', 'koyo', 'thaikkkk', 'korupsi', 'neh']","['cocot', 'anis', 'baswedan', 'clutakkkk', 'tp', 'faktane', 'mimpin', 'jakarta', 'ae', 'koyo', 'thaikkkk', 'korupsi', 'neh']",cocot anis baswedan clutakkkk tp faktane mimpin jakarta ae koyo thaikkkk korupsi neh
Bener bener Prabowo babak belur....,bener bener prabowo babak belur....,"['bener', 'bener', 'prabowo', 'babak', 'belur', '....']","['bener', 'bener', 'prabowo', 'babak', 'belur']","['bener', 'bener', 'prabowo', 'babak', 'bur']",bener bener prabowo babak bur
"bismillahirrahmanirrahim anies,ya tetap pilihan dari hati aja si,Jangan merasa sendiri pak Anies, insyaallah bantu pakai doa,namanya beda pilihan ya pasti satu persatu dukung paslon lain,tapi plis banget jangan pernah jatuhkan paslon lain kalau kalian gak suka,takutnya jadi fitnah kanðNamanya debat jangann terbawa suasana,2024 pemilu ini harus damai ,jangan saling mejatuhkan","bismillahirrahmanirrahim anies,ya tetap pilihan dari hati aja si,jangan merasa sendiri pak anies, insyaallah bantu pakai doa,namanya beda pilihan ya pasti satu persatu dukung paslon lain,tapi plis banget jangan pernah jatuhkan paslon lain kalau kalian gak suka,takutnya jadi fitnah kanðnamanya debat jangann terbawa suasana,2024 pemilu ini harus damai ,jangan saling mejatuhkan","['bismillahirrahmanirrahim', 'anies', ',', 'ya', 'tetap', 'pilihan', 'dari', 'hati', 'aja', 'si', ',', 'jangan', 'merasa', 'sendiri', 'pak', 'anies', ',', 'insyaallah', 'bantu', 'pakai', 'doa', ',', 'namanya', 'beda', 'pilihan', 'ya', 'pasti', 'satu', 'persatu', 'dukung', 'paslon', 'lain', ',', 'tapi', 'plis', 'banget', 'jangan', 'pernah', 'jatuhkan', 'paslon', 'lain', 'kalau', 'kalian', 'gak', 'suka', ',', 'takutnya', 'jadi', 'fitnah', 'kanð\x9f\x98', 'namanya', 'debat', 'jangann', 'terbawa', 'suasana,2024', 'pemilu', 'ini', 'harus', 'damai', ',', 'jangan', 'saling', 'mejatuhkan']","['bismillahirrahmanirrahim', 'anies', 'ya', 'pilihan', 'hati', 'aja', 'si', 'anies', 'insyaallah', 'bantu', 'pakai', 'doa', 'namanya', 'beda', 'pilihan', 'ya', 'persatu', 'dukung', 'paslon', 'plis', 'banget', 'jatuhkan', 'paslon', 'gak', 'suka', 'takutnya', 'fitnah', 'namanya', 'debat', 'jangann', 'terbawa', 'pemilu', 'damai', 'mejatuhkan']","['bismillahirrahmanirrahim', 'anies', 'ya', 'pilih', 'hati', 'aja', 'si', 'anies', 'insyaallah', 'bantu', 'pakai', 'doa', 'nama', 'beda', 'pilih', 'ya', 'satu', 'dukung', 'paslon', 'plis', 'banget', 'jatuh', 'paslon', 'gak', 'suka', 'takut', 'fitnah', 'nama', 'debat', 'jangann', 'bawa', 'milu', 'damai', 'mejatuhkan']",bismillahirrahmanirrahim anies ya pilih hati aja si anies insyaallah bantu pakai doa nama beda pilih ya satu dukung paslon plis banget jatuh paslon gak suka takut fitnah nama debat jangann bawa milu damai mejatuhkan
Hutang KFX? ðð,hutang kfx? ðð,"['hutang', 'kfx', '?', 'ð\x9f\x98\x82ð\x9f\x98\x82']","['hutang', 'kfx']","['hutang', 'kfx']",hutang kfx
Jangan di kurupsi kata ganjar. Pdahal yang kurupsi ada di sampingnya,jangan di kurupsi kata ganjar. pdahal yang kurupsi ada di sampingnya,"['jangan', 'di', 'kurupsi', 'kata', 'ganjar', '.', 'pdahal', 'yang', 'kurupsi', 'ada', 'di', 'sampingnya']","['kurupsi', 'ganjar', 'pdahal', 'kurupsi', 'sampingnya']","['kurupsi', 'ganjar', 'pdahal', 'kurupsi', 'samping']",kurupsi ganjar pdahal kurupsi samping
Waktu 4 menit hanya digunakan untuk menjatuhkan paslon lawan bukannya membahas visi misi paslon. Sangat kecewa.,waktu 4 menit hanya digunakan untuk menjatuhkan paslon lawan bukannya membahas visi misi paslon. sangat kecewa.,"['waktu', '4', 'menit', 'hanya', 'digunakan', 'untuk', 'menjatuhkan', 'paslon', 'lawan', 'bukannya', 'membahas', 'visi', 'misi', 'paslon', '.', 'sangat', 'kecewa', '.']","['menit', 'menjatuhkan', 'paslon', 'lawan', 'membahas', 'visi', 'misi', 'paslon', 'kecewa']","['menit', 'jatuh', 'paslon', 'lawan', 'bahas', 'visi', 'misi', 'paslon', 'kecewa']",menit jatuh paslon lawan bahas visi misi paslon kecewa
Menteri yang di pecat memberi nilai kepada slah satu menteri terbaik di era ini. Luar biasa.,menteri yang di pecat memberi nilai kepada slah satu menteri terbaik di era ini. luar biasa.,"['menteri', 'yang', 'di', 'pecat', 'memberi', 'nilai', 'kepada', 'slah', 'satu', 'menteri', 'terbaik', 'di', 'era', 'ini', '.', 'luar', 'biasa', '.']","['menteri', 'pecat', 'nilai', 'slah', 'menteri', 'terbaik', 'era']","['menteri', 'pecat', 'nilai', 'slah', 'menteri', 'baik', 'era']",menteri pecat nilai slah menteri baik era
Benar kata pak Prabowo kita dua tahun meliwati covid,benar kata pak prabowo kita dua tahun meliwati covid,"['benar', 'kata', 'pak', 'prabowo', 'kita', 'dua', 'tahun', 'meliwati', 'covid']","['prabowo', 'meliwati', 'covid']","['prabowo', 'liwat', 'covid']",prabowo liwat covid
"kalau omon omon doang mah gampang dek,kerja nya nol","kalau omon omon doang mah gampang dek,kerja nya nol","['kalau', 'omon', 'omon', 'doang', 'mah', 'gampang', 'dek', ',', 'kerja', 'nya', 'nol']","['omon', 'omon', 'doang', 'mah', 'gampang', 'dek', 'kerja', 'nya', 'nol']","['omon', 'omon', 'doang', 'mah', 'gampang', 'dek', 'kerja', 'nya', 'nol']",omon omon doang mah gampang dek kerja nya nol
Anis ngomongnya muluk  mulukðððð,anis ngomongnya muluk  mulukðððð,"['anis', 'ngomongnya', 'muluk', 'mulukð\x9f\x98', 'ð\x9f\x98', 'ð\x9f\x98', 'ð\x9f\x98']","['anis', 'ngomongnya', 'muluk']","['anis', 'ngomongnya', 'muluk']",anis ngomongnya muluk
Slepet trus terngiang&quot;,slepet trus terngiang&quot;,"['slepet', 'trus', 'terngiang', '&', 'quot', ';']","['slepet', 'trus', 'terngiang', 'quot']","['slepet', 'trus', 'ngiang', 'quot']",slepet trus ngiang quot
Pak bowo sempoyongan debat ke3 .debat ke4 KO,pak bowo sempoyongan debat ke3 .debat ke4 ko,"['pak', 'bowo', 'sempoyongan', 'debat', 'ke3', '.debat', 'ke4', 'ko']","['bowo', 'sempoyongan', 'debat', 'ko']","['bowo', 'sempoyongan', 'debat', 'ko']",bowo sempoyongan debat ko
1&amp;3ð©,1&amp;3ð©,"['1', '&', 'amp', ';', '3ð\x9f\x92©']",['amp'],['amp'],amp
Pak Prabowo dari dlu ngomong kekayaan yg harus di jaga wkwk...faktanya?...,pak prabowo dari dlu ngomong kekayaan yg harus di jaga wkwk...faktanya?...,"['pak', 'prabowo', 'dari', 'dlu', 'ngomong', 'kekayaan', 'yg', 'harus', 'di', 'jaga', 'wkwk', '...', 'faktanya', '?', '...']","['prabowo', 'dlu', 'ngomong', 'kekayaan', 'yg', 'jaga', 'wkwk', 'faktanya']","['prabowo', 'dlu', 'ngomong', 'kaya', 'yg', 'jaga', 'wkwk', 'fakta']",prabowo dlu ngomong kaya yg jaga wkwk fakta
Waraslah....Anis terbukti zoss,waraslah....anis terbukti zoss,"['waraslah', '....', 'anis', 'terbukti', 'zoss']","['waraslah', 'anis', 'terbukti', 'zoss']","['waras', 'anis', 'bukti', 'zoss']",waras anis bukti zoss
Saya yakin bpk prabowo <br>Bukan asal bicara Rakyat harus pintar memilih mana yang asal bicara<br>Bpk prabowo bukan sekedar bicara tp sudah terjun lansung<br>Bahwa indonesia butuh pemimpin yang tegas,saya yakin bpk prabowo <br>bukan asal bicara rakyat harus pintar memilih mana yang asal bicara<br>bpk prabowo bukan sekedar bicara tp sudah terjun lansung<br>bahwa indonesia butuh pemimpin yang tegas,"['saya', 'yakin', 'bpk', 'prabowo', '<', 'br', '>', 'bukan', 'asal', 'bicara', 'rakyat', 'harus', 'pintar', 'memilih', 'mana', 'yang', 'asal', 'bicara', '<', 'br', '>', 'bpk', 'prabowo', 'bukan', 'sekedar', 'bicara', 'tp', 'sudah', 'terjun', 'lansung', '<', 'br', '>', 'bahwa', 'indonesia', 'butuh', 'pemimpin', 'yang', 'tegas']","['bpk', 'prabowo', 'br', 'bicara', 'rakyat', 'pintar', 'memilih', 'bicara', 'br', 'bpk', 'prabowo', 'sekedar', 'bicara', 'tp', 'terjun', 'lansung', 'br', 'indonesia', 'butuh', 'pemimpin']","['bpk', 'prabowo', 'br', 'bicara', 'rakyat', 'pintar', 'pilih', 'bicara', 'br', 'bpk', 'prabowo', 'dar', 'bicara', 'tp', 'terjun', 'lansung', 'br', 'indonesia', 'butuh', 'pimpin']",bpk prabowo br bicara rakyat pintar pilih bicara br bpk prabowo dar bicara tp terjun lansung br indonesia butuh pimpin
Ttp pak prabowo,ttp pak prabowo,"['ttp', 'pak', 'prabowo']","['ttp', 'prabowo']","['ttp', 'prabowo']",ttp prabowo
01 byk teori rumus2 lah apalah program 01 gk jelas trlalu byk omon2,01 byk teori rumus2 lah apalah program 01 gk jelas trlalu byk omon2,"['01', 'byk', 'teori', 'rumus2', 'lah', 'apalah', 'program', '01', 'gk', 'jelas', 'trlalu', 'byk', 'omon2']","['byk', 'teori', 'apalah', 'program', 'gk', 'trlalu', 'byk']","['byk', 'teori', 'apa', 'program', 'gk', 'trlalu', 'byk']",byk teori apa program gk trlalu byk
Kami jawa timur mendukung Ganjar dan Mafmud,kami jawa timur mendukung ganjar dan mafmud,"['kami', 'jawa', 'timur', 'mendukung', 'ganjar', 'dan', 'mafmud']","['jawa', 'timur', 'mendukung', 'ganjar', 'mafmud']","['jawa', 'timur', 'dukung', 'ganjar', 'mafmud']",jawa timur dukung ganjar mafmud
"Perdebatan boleh saja,tp ingat jgn smpe pecah belah,salam hangat dll,in ama amruhu idaaroda saeunayaku allahu kunfayakun,Mhn maaf sikismiin ikut komeen","perdebatan boleh saja,tp ingat jgn smpe pecah belah,salam hangat dll,in ama amruhu idaaroda saeunayaku allahu kunfayakun,mhn maaf sikismiin ikut komeen","['perdebatan', 'boleh', 'saja', ',', 'tp', 'ingat', 'jgn', 'smpe', 'pecah', 'belah', ',', 'salam', 'hangat', 'dll', ',', 'in', 'ama', 'amruhu', 'idaaroda', 'saeunayaku', 'allahu', 'kunfayakun', ',', 'mhn', 'maaf', 'sikismiin', 'ikut', 'komeen']","['perdebatan', 'tp', 'jgn', 'smpe', 'pecah', 'belah', 'salam', 'hangat', 'dll', 'in', 'ama', 'amruhu', 'idaaroda', 'saeunayaku', 'allahu', 'kunfayakun', 'mhn', 'maaf', 'sikismiin', 'komeen']","['debat', 'tp', 'jgn', 'smpe', 'pecah', 'belah', 'salam', 'hangat', 'dll', 'in', 'ama', 'amruhu', 'idaaroda', 'saeunayaku', 'allahu', 'kunfayakun', 'mhn', 'maaf', 'sikismiin', 'komeen']",debat tp jgn smpe pecah belah salam hangat dll in ama amruhu idaaroda saeunayaku allahu kunfayakun mhn maaf sikismiin komeen
Prabowo Prabowo Prabowo Prabowo Prabowo Prabowo Prabowo Prabowo Prabowo Prabowo Prabowo Prabowo Prabowo Prabowo Prabowo Prabowo Prabowo Prabowo Prabowo Prabowo Prabowo serang Banten tetap Prabowo gemoyyyyyâ¤â¤,prabowo prabowo prabowo prabowo prabowo prabowo prabowo prabowo prabowo prabowo prabowo prabowo prabowo prabowo prabowo prabowo prabowo prabowo prabowo prabowo prabowo serang banten tetap prabowo gemoyyyyyâ¤â¤,"['prabowo', 'prabowo', 'prabowo', 'prabowo', 'prabowo', 'prabowo', 'prabowo', 'prabowo', 'prabowo', 'prabowo', 'prabowo', 'prabowo', 'prabowo', 'prabowo', 'prabowo', 'prabowo', 'prabowo', 'prabowo', 'prabowo', 'prabowo', 'prabowo', 'serang', 'banten', 'tetap', 'prabowo', 'gemoyyyyyâ\x9d¤â\x9d¤']","['prabowo', 'prabowo', 'prabowo', 'prabowo', 'prabowo', 'prabowo', 'prabowo', 'prabowo', 'prabowo', 'prabowo', 'prabowo', 'prabowo', 'prabowo', 'prabowo', 'prabowo', 'prabowo', 'prabowo', 'prabowo', 'prabowo', 'prabowo', 'prabowo', 'serang', 'banten', 'prabowo']","['prabowo', 'prabowo', 'prabowo', 'prabowo', 'prabowo', 'prabowo', 'prabowo', 'prabowo', 'prabowo', 'prabowo', 'prabowo', 'prabowo', 'prabowo', 'prabowo', 'prabowo', 'prabowo', 'prabowo', 'prabowo', 'prabowo', 'prabowo', 'prabowo', 'serang', 'banten', 'prabowo']",prabowo prabowo prabowo prabowo prabowo prabowo prabowo prabowo prabowo prabowo prabowo prabowo prabowo prabowo prabowo prabowo prabowo prabowo prabowo prabowo prabowo serang banten prabowo
Bissmillah prabowo 02 amin ya allah,bissmillah prabowo 02 amin ya allah,"['bissmillah', 'prabowo', '02', 'amin', 'ya', 'allah']","['bissmillah', 'prabowo', 'amin', 'ya', 'allah']","['bissmillah', 'prabowo', 'amin', 'ya', 'allah']",bissmillah prabowo amin ya allah
Ini bukan debat tapi cerdas cermat debat gak bisa 1-2 menit seorang guru aja jelasanin sesuatu butuh waktu 15-20 menit apalagi pemimpin indonesia yang rakyat nya banyak,ini bukan debat tapi cerdas cermat debat gak bisa 1-2 menit seorang guru aja jelasanin sesuatu butuh waktu 15-20 menit apalagi pemimpin indonesia yang rakyat nya banyak,"['ini', 'bukan', 'debat', 'tapi', 'cerdas', 'cermat', 'debat', 'gak', 'bisa', '1-2', 'menit', 'seorang', 'guru', 'aja', 'jelasanin', 'sesuatu', 'butuh', 'waktu', '15-20', 'menit', 'apalagi', 'pemimpin', 'indonesia', 'yang', 'rakyat', 'nya', 'banyak']","['debat', 'cerdas', 'cermat', 'debat', 'gak', 'menit', 'guru', 'aja', 'jelasanin', 'butuh', 'menit', 'pemimpin', 'indonesia', 'rakyat', 'nya']","['debat', 'cerdas', 'cermat', 'debat', 'gak', 'menit', 'guru', 'aja', 'jelasanin', 'butuh', 'menit', 'pimpin', 'indonesia', 'rakyat', 'nya']",debat cerdas cermat debat gak menit guru aja jelasanin butuh menit pimpin indonesia rakyat nya
Sangat setuju dgn pa Anis baswedan.,sangat setuju dgn pa anis baswedan.,"['sangat', 'setuju', 'dgn', 'pa', 'anis', 'baswedan', '.']","['setuju', 'dgn', 'pa', 'anis', 'baswedan']","['tuju', 'dgn', 'pa', 'anis', 'baswedan']",tuju dgn pa anis baswedan
"<a href=""https://www.youtube.com/watch?v=FKImOfLQTbw&amp;t=2h16m55s"">2:16:55</a>","<a href=""https://www.youtube.com/watch?v=fkimoflqtbw&amp;t=2h16m55s"">2:16:55</a>","['<', 'a', 'href=', ""''"", 'https', ':', '//www.youtube.com/watch', '?', 'v=fkimoflqtbw', '&', 'amp', ';', 't=2h16m55s', ""''"", '>', '2:16:55', '<', '/a', '>']","['a', 'https', 'amp']","['a', 'https', 'amp']",a https amp
Kami sekeluarga Tanggerang banten siap memilih pak prabowo,kami sekeluarga tanggerang banten siap memilih pak prabowo,"['kami', 'sekeluarga', 'tanggerang', 'banten', 'siap', 'memilih', 'pak', 'prabowo']","['sekeluarga', 'tanggerang', 'banten', 'memilih', 'prabowo']","['keluarga', 'tanggerang', 'banten', 'pilih', 'prabowo']",keluarga tanggerang banten pilih prabowo
1 di buka<br>2 di coblos. âï¸âï¸<br>3 di tutup.,1 di buka<br>2 di coblos. âï¸âï¸<br>3 di tutup.,"['1', 'di', 'buka', '<', 'br', '>', '2', 'di', 'coblos', '.', 'â\x9c\x8cï¸\x8fâ\x9c\x8cï¸\x8f', '<', 'br', '>', '3', 'di', 'tutup', '.']","['buka', 'br', 'coblos', 'br', 'tutup']","['buka', 'br', 'coblos', 'br', 'tutup']",buka br coblos br tutup
taiwan hadir menyimak<br><br><br>salam Gemoyâââ,taiwan hadir menyimak<br><br><br>salam gemoyâââ,"['taiwan', 'hadir', 'menyimak', '<', 'br', '>', '<', 'br', '>', '<', 'br', '>', 'salam', 'gemoyâ\x9c\x8câ\x9c\x8câ\x9c\x8c']","['taiwan', 'hadir', 'menyimak', 'br', 'br', 'br', 'salam']","['taiwan', 'hadir', 'simak', 'br', 'br', 'br', 'salam']",taiwan hadir simak br br br salam
All in prabowo,all in prabowo,"['all', 'in', 'prabowo']","['all', 'in', 'prabowo']","['all', 'in', 'prabowo']",all in prabowo
wong jowo pasti milih pak ganjarmd.bismillah,wong jowo pasti milih pak ganjarmd.bismillah,"['wong', 'jowo', 'pasti', 'milih', 'pak', 'ganjarmd.bismillah']","['jowo', 'milih']","['jowo', 'milih']",jowo milih
Katanya tidak boleh menjatuhkan....haduh2....payah,katanya tidak boleh menjatuhkan....haduh2....payah,"['katanya', 'tidak', 'boleh', 'menjatuhkan', '....', 'haduh2', '....', 'payah']","['menjatuhkan', 'payah']","['jatuh', 'payah']",jatuh payah
Alloh swt melarang Debat dan menganjurkan Musyawarah... Tidak saling mencela ato menjatuhkan tapi Saling mengisi saling melengkapi sehingga NKRI Kuat Sejahtera.. Moga Barakah...Aamiiin<br>Mohon maaf lahir bathinðð,alloh swt melarang debat dan menganjurkan musyawarah... tidak saling mencela ato menjatuhkan tapi saling mengisi saling melengkapi sehingga nkri kuat sejahtera.. moga barakah...aamiiin<br>mohon maaf lahir bathinðð,"['alloh', 'swt', 'melarang', 'debat', 'dan', 'menganjurkan', 'musyawarah', '...', 'tidak', 'saling', 'mencela', 'ato', 'menjatuhkan', 'tapi', 'saling', 'mengisi', 'saling', 'melengkapi', 'sehingga', 'nkri', 'kuat', 'sejahtera', '..', 'moga', 'barakah', '...', 'aamiiin', '<', 'br', '>', 'mohon', 'maaf', 'lahir', 'bathinð\x9f\x99\x8fð\x9f\x99\x8f']","['alloh', 'swt', 'melarang', 'debat', 'menganjurkan', 'musyawarah', 'mencela', 'ato', 'menjatuhkan', 'mengisi', 'melengkapi', 'nkri', 'kuat', 'sejahtera', 'moga', 'barakah', 'aamiiin', 'br', 'mohon', 'maaf', 'lahir']","['alloh', 'swt', 'larang', 'debat', 'anjur', 'musyawarah', 'cela', 'ato', 'jatuh', 'isi', 'lengkap', 'nkri', 'kuat', 'sejahtera', 'moga', 'bara', 'aamiiin', 'br', 'mohon', 'maaf', 'lahir']",alloh swt larang debat anjur musyawarah cela ato jatuh isi lengkap nkri kuat sejahtera moga bara aamiiin br mohon maaf lahir
Panjang umur bapak Prabowo.,panjang umur bapak prabowo.,"['panjang', 'umur', 'bapak', 'prabowo', '.']","['umur', 'prabowo']","['umur', 'prabowo']",umur prabowo
pak probowo aku milih km pak,pak probowo aku milih km pak,"['pak', 'probowo', 'aku', 'milih', 'km', 'pak']","['probowo', 'milih', 'km']","['probowo', 'milih', 'km']",probowo milih km
Ari karyawan pbrik naik 35rbu ampun,ari karyawan pbrik naik 35rbu ampun,"['ari', 'karyawan', 'pbrik', 'naik', '35rbu', 'ampun']","['ari', 'karyawan', 'pbrik', 'ampun']","['ari', 'karyawan', 'pbrik', 'ampun']",ari karyawan pbrik ampun
allah maha tau mana yg munafik,allah maha tau mana yg munafik,"['allah', 'maha', 'tau', 'mana', 'yg', 'munafik']","['allah', 'maha', 'tau', 'yg', 'munafik']","['allah', 'maha', 'tau', 'yg', 'munafik']",allah maha tau yg munafik
Mantap pak anies,mantap pak anies,"['mantap', 'pak', 'anies']","['mantap', 'anies']","['mantap', 'anies']",mantap anies
Assalamualaikum good night ð Indonesian ð®ð©ðªðµð§âð«ð§âð,assalamualaikum good night ð indonesian ð®ð©ðªðµð§âð«ð§âð,"['assalamualaikum', 'good', 'night', 'ð\x9f\x98\x8a', 'indonesian', 'ð\x9f\x87®ð\x9f\x87©ð\x9f\x92ªð\x9f\x92µð\x9f§\x91â\x80\x8dð\x9f\x8f', '«', 'ð\x9f§\x91â\x80\x8dð\x9f\x8e\x93']","['assalamualaikum', 'good', 'night', 'indonesian']","['assalamualaikum', 'good', 'night', 'indonesian']",assalamualaikum good night indonesian
anis tau apa,anis tau apa,"['anis', 'tau', 'apa']","['anis', 'tau']","['anis', 'tau']",anis tau
Ribut nya penonton secara langsung<br>Saran sihh klw adakan siaran langsung di tiadakan saja penonton bkin ribut saja,ribut nya penonton secara langsung<br>saran sihh klw adakan siaran langsung di tiadakan saja penonton bkin ribut saja,"['ribut', 'nya', 'penonton', 'secara', 'langsung', '<', 'br', '>', 'saran', 'sihh', 'klw', 'adakan', 'siaran', 'langsung', 'di', 'tiadakan', 'saja', 'penonton', 'bkin', 'ribut', 'saja']","['ribut', 'nya', 'penonton', 'langsung', 'br', 'saran', 'sihh', 'klw', 'adakan', 'siaran', 'langsung', 'tiadakan', 'penonton', 'bkin', 'ribut']","['ribut', 'nya', 'tonton', 'langsung', 'br', 'saran', 'sihh', 'klw', 'adakan', 'siar', 'langsung', 'tiada', 'tonton', 'bkin', 'ribut']",ribut nya tonton langsung br saran sihh klw adakan siar langsung tiada tonton bkin ribut
Yg namanya manusia g bakal mau dipingpin dengan seorang burung mungkin manusia nya g waras pilih burung sebagai pengpin,yg namanya manusia g bakal mau dipingpin dengan seorang burung mungkin manusia nya g waras pilih burung sebagai pengpin,"['yg', 'namanya', 'manusia', 'g', 'bakal', 'mau', 'dipingpin', 'dengan', 'seorang', 'burung', 'mungkin', 'manusia', 'nya', 'g', 'waras', 'pilih', 'burung', 'sebagai', 'pengpin']","['yg', 'namanya', 'manusia', 'g', 'dipingpin', 'burung', 'manusia', 'nya', 'g', 'waras', 'pilih', 'burung', 'pengpin']","['yg', 'nama', 'manusia', 'g', 'dipingpin', 'burung', 'manusia', 'nya', 'g', 'waras', 'pilih', 'burung', 'pin']",yg nama manusia g dipingpin burung manusia nya g waras pilih burung pin
"Cara berbicara pintar ganjar, cara kefasihan pintar anies. Tp yg tulus klihatan dri pak prabowo","cara berbicara pintar ganjar, cara kefasihan pintar anies. tp yg tulus klihatan dri pak prabowo","['cara', 'berbicara', 'pintar', 'ganjar', ',', 'cara', 'kefasihan', 'pintar', 'anies', '.', 'tp', 'yg', 'tulus', 'klihatan', 'dri', 'pak', 'prabowo']","['berbicara', 'pintar', 'ganjar', 'kefasihan', 'pintar', 'anies', 'tp', 'yg', 'tulus', 'klihatan', 'dri', 'prabowo']","['bicara', 'pintar', 'ganjar', 'fasih', 'pintar', 'anies', 'tp', 'yg', 'tulus', 'klihatan', 'dri', 'prabowo']",bicara pintar ganjar fasih pintar anies tp yg tulus klihatan dri prabowo
"Mas wowo kalau sudah debat capres...jangan Baper ya...., katanya menhan ..satria...., jgn lah umpat umpat lagi...., jadi ksatria macam jendral Sudirman...., okay mas wowo...atu lagi kalau ditanya jawab...jgn bilang kurang waktu..terus...,ððð","mas wowo kalau sudah debat capres...jangan baper ya...., katanya menhan ..satria...., jgn lah umpat umpat lagi...., jadi ksatria macam jendral sudirman...., okay mas wowo...atu lagi kalau ditanya jawab...jgn bilang kurang waktu..terus...,ððð","['mas', 'wowo', 'kalau', 'sudah', 'debat', 'capres', '...', 'jangan', 'baper', 'ya', '....', ',', 'katanya', 'menhan', '..', 'satria', '....', ',', 'jgn', 'lah', 'umpat', 'umpat', 'lagi', '....', ',', 'jadi', 'ksatria', 'macam', 'jendral', 'sudirman', '....', ',', 'okay', 'mas', 'wowo', '...', 'atu', 'lagi', 'kalau', 'ditanya', 'jawab', '...', 'jgn', 'bilang', 'kurang', 'waktu', '..', 'terus', '...', ',', 'ð\x9f\x98', 'ð\x9f\x98', 'ð\x9f\x98']","['mas', 'wowo', 'debat', 'capres', 'baper', 'ya', 'menhan', 'satria', 'jgn', 'umpat', 'umpat', 'ksatria', 'jendral', 'sudirman', 'okay', 'mas', 'wowo', 'atu', 'jgn', 'bilang']","['mas', 'wowo', 'debat', 'capres', 'baper', 'ya', 'menhan', 'satria', 'jgn', 'umpat', 'umpat', 'ksatria', 'jendral', 'sudirman', 'okay', 'mas', 'wowo', 'atu', 'jgn', 'bilang']",mas wowo debat capres baper ya menhan satria jgn umpat umpat ksatria jendral sudirman okay mas wowo atu jgn bilang
?was,?was,"['?', 'was']",['was'],['was'],was
Prabowoâ¤â¤â¤â¤â¤,prabowoâ¤â¤â¤â¤â¤,['prabowoâ\x9d¤â\x9d¤â\x9d¤â\x9d¤â\x9d¤'],[],[],
anis kyknya kok gimna menyerang pribadi kyknya,anis kyknya kok gimna menyerang pribadi kyknya,"['anis', 'kyknya', 'kok', 'gimna', 'menyerang', 'pribadi', 'kyknya']","['anis', 'kyknya', 'gimna', 'menyerang', 'pribadi', 'kyknya']","['anis', 'kyknya', 'gimna', 'serang', 'pribadi', 'kyknya']",anis kyknya gimna serang pribadi kyknya
Semangat pa saya mendukung BPK prabowo,semangat pa saya mendukung bpk prabowo,"['semangat', 'pa', 'saya', 'mendukung', 'bpk', 'prabowo']","['semangat', 'pa', 'mendukung', 'bpk', 'prabowo']","['semangat', 'pa', 'dukung', 'bpk', 'prabowo']",semangat pa dukung bpk prabowo
"Ayo bpk  prabowo smngat bismillah, klo niat baik angkt rakyat indonesia buat tdk klparan kena sandang ogah mual sulit krjaan, dan benta korupsi dan kjhatan apa pun ðâððð¹ð semoga amnah ðð","ayo bpk  prabowo smngat bismillah, klo niat baik angkt rakyat indonesia buat tdk klparan kena sandang ogah mual sulit krjaan, dan benta korupsi dan kjhatan apa pun ðâððð¹ð semoga amnah ðð","['ayo', 'bpk', 'prabowo', 'smngat', 'bismillah', ',', 'klo', 'niat', 'baik', 'angkt', 'rakyat', 'indonesia', 'buat', 'tdk', 'klparan', 'kena', 'sandang', 'ogah', 'mual', 'sulit', 'krjaan', ',', 'dan', 'benta', 'korupsi', 'dan', 'kjhatan', 'apa', 'pun', 'ð\x9f\x98', 'â\x98\x9dð\x9f\x91\x8dð\x9f\x99\x8fð\x9f\x8c¹ð\x9f\x91\x8c', 'semoga', 'amnah', 'ð\x9f\x99\x8fð\x9f\x91\x8d']","['ayo', 'bpk', 'prabowo', 'smngat', 'bismillah', 'klo', 'niat', 'angkt', 'rakyat', 'indonesia', 'tdk', 'klparan', 'kena', 'sandang', 'ogah', 'mual', 'sulit', 'krjaan', 'benta', 'korupsi', 'kjhatan', 'semoga', 'amnah']","['ayo', 'bpk', 'prabowo', 'smngat', 'bismillah', 'klo', 'niat', 'angkt', 'rakyat', 'indonesia', 'tdk', 'klparan', 'kena', 'sandang', 'ogah', 'mual', 'sulit', 'krjaan', 'benta', 'korupsi', 'kjhatan', 'moga', 'amnah']",ayo bpk prabowo smngat bismillah klo niat angkt rakyat indonesia tdk klparan kena sandang ogah mual sulit krjaan benta korupsi kjhatan moga amnah
mantap AMIN,mantap amin,"['mantap', 'amin']","['mantap', 'amin']","['mantap', 'amin']",mantap amin
"Aslmualikum santun siang ð semoga amnah buat capres, makmurkn rskyat berantas korupsi dan kjahtan apa pun ,tegak keadilan ,peduli rakyatnya, kita butuh bukti nyata, ðâð","aslmualikum santun siang ð semoga amnah buat capres, makmurkn rskyat berantas korupsi dan kjahtan apa pun ,tegak keadilan ,peduli rakyatnya, kita butuh bukti nyata, ðâð","['aslmualikum', 'santun', 'siang', 'ð\x9f\x99\x8f', 'semoga', 'amnah', 'buat', 'capres', ',', 'makmurkn', 'rskyat', 'berantas', 'korupsi', 'dan', 'kjahtan', 'apa', 'pun', ',', 'tegak', 'keadilan', ',', 'peduli', 'rakyatnya', ',', 'kita', 'butuh', 'bukti', 'nyata', ',', 'ð\x9f\x99\x8fâ\x98\x9dð\x9f\x91\x8d']","['aslmualikum', 'santun', 'siang', 'semoga', 'amnah', 'capres', 'makmurkn', 'rskyat', 'berantas', 'korupsi', 'kjahtan', 'tegak', 'keadilan', 'peduli', 'rakyatnya', 'butuh', 'bukti', 'nyata']","['aslmualikum', 'santun', 'siang', 'moga', 'amnah', 'capres', 'makmurkn', 'rskyat', 'berantas', 'korupsi', 'kjahtan', 'tegak', 'adil', 'peduli', 'rakyat', 'butuh', 'bukti', 'nyata']",aslmualikum santun siang moga amnah capres makmurkn rskyat berantas korupsi kjahtan tegak adil peduli rakyat butuh bukti nyata
"Intinya permasalahan di Indonesia ini adalah hutang negara dan korupsi di Indonesia. Beres masalah itu insallah rakyat sejahtera,","intinya permasalahan di indonesia ini adalah hutang negara dan korupsi di indonesia. beres masalah itu insallah rakyat sejahtera,","['intinya', 'permasalahan', 'di', 'indonesia', 'ini', 'adalah', 'hutang', 'negara', 'dan', 'korupsi', 'di', 'indonesia', '.', 'beres', 'masalah', 'itu', 'insallah', 'rakyat', 'sejahtera', ',']","['intinya', 'permasalahan', 'indonesia', 'hutang', 'negara', 'korupsi', 'indonesia', 'beres', 'insallah', 'rakyat', 'sejahtera']","['inti', 'masalah', 'indonesia', 'hutang', 'negara', 'korupsi', 'indonesia', 'beres', 'insallah', 'rakyat', 'sejahtera']",inti masalah indonesia hutang negara korupsi indonesia beres insallah rakyat sejahtera
Paslon 03 sudah belajar dari debat pertama ketika pak Anies memberikan pernyataan penutup dengan kata terakhir &quot; Wakanda no more Indonesia forever.&quot; Sedangkan paslon 02 clossingnya begitu terus seakan akan seperti tidak ada persiapan ð,paslon 03 sudah belajar dari debat pertama ketika pak anies memberikan pernyataan penutup dengan kata terakhir &quot; wakanda no more indonesia forever.&quot; sedangkan paslon 02 clossingnya begitu terus seakan akan seperti tidak ada persiapan ð,"['paslon', '03', 'sudah', 'belajar', 'dari', 'debat', 'pertama', 'ketika', 'pak', 'anies', 'memberikan', 'pernyataan', 'penutup', 'dengan', 'kata', 'terakhir', '&', 'quot', ';', 'wakanda', 'no', 'more', 'indonesia', 'forever.', '&', 'quot', ';', 'sedangkan', 'paslon', '02', 'clossingnya', 'begitu', 'terus', 'seakan', 'akan', 'seperti', 'tidak', 'ada', 'persiapan', 'ð\x9f\x98\x82']","['paslon', 'belajar', 'debat', 'anies', 'pernyataan', 'penutup', 'quot', 'wakanda', 'no', 'more', 'indonesia', 'quot', 'paslon', 'clossingnya', 'seakan', 'persiapan']","['paslon', 'ajar', 'debat', 'anies', 'nyata', 'tutup', 'quot', 'wakanda', 'no', 'more', 'indonesia', 'quot', 'paslon', 'clossingnya', 'akan', 'siap']",paslon ajar debat anies nyata tutup quot wakanda no more indonesia quot paslon clossingnya akan siap
Lihat mata mereka bertiga. Pak prabowo lah yg memiliki sorot mata tulusâ¤,lihat mata mereka bertiga. pak prabowo lah yg memiliki sorot mata tulusâ¤,"['lihat', 'mata', 'mereka', 'bertiga', '.', 'pak', 'prabowo', 'lah', 'yg', 'memiliki', 'sorot', 'mata', 'tulusâ\x9d¤']","['lihat', 'mata', 'bertiga', 'prabowo', 'yg', 'memiliki', 'sorot', 'mata']","['lihat', 'mata', 'tiga', 'prabowo', 'yg', 'milik', 'sorot', 'mata']",lihat mata tiga prabowo yg milik sorot mata
ðprabowo tetap pilihan  kuâ¤meski di hujat tetap maju dan pasti menang. Yes yes yes prabowo,ðprabowo tetap pilihan  kuâ¤meski di hujat tetap maju dan pasti menang. yes yes yes prabowo,"['ð\x9f\x98', 'prabowo', 'tetap', 'pilihan', 'kuâ\x9d¤meski', 'di', 'hujat', 'tetap', 'maju', 'dan', 'pasti', 'menang', '.', 'yes', 'yes', 'yes', 'prabowo']","['prabowo', 'pilihan', 'hujat', 'maju', 'menang', 'yes', 'yes', 'yes', 'prabowo']","['prabowo', 'pilih', 'hujat', 'maju', 'menang', 'yes', 'yes', 'yes', 'prabowo']",prabowo pilih hujat maju menang yes yes yes prabowo
Debatnya terbawa sampe komentar,debatnya terbawa sampe komentar,"['debatnya', 'terbawa', 'sampe', 'komentar']","['debatnya', 'terbawa', 'sampe', 'komentar']","['debat', 'bawa', 'sampe', 'komentar']",debat bawa sampe komentar
Maaf banyak tidak nyambung jawaban Paslon 2.,maaf banyak tidak nyambung jawaban paslon 2.,"['maaf', 'banyak', 'tidak', 'nyambung', 'jawaban', 'paslon', '2', '.']","['maaf', 'nyambung', 'paslon']","['maaf', 'nyambung', 'paslon']",maaf nyambung paslon
Tetap no 2 mau diapakan juga ga akan pernah milih anis.  No 2 jos iklas ridho. â¤â¤,tetap no 2 mau diapakan juga ga akan pernah milih anis.  no 2 jos iklas ridho. â¤â¤,"['tetap', 'no', '2', 'mau', 'diapakan', 'juga', 'ga', 'akan', 'pernah', 'milih', 'anis', '.', 'no', '2', 'jos', 'iklas', 'ridho', '.', 'â\x9d¤â\x9d¤']","['no', 'diapakan', 'ga', 'milih', 'anis', 'no', 'jos', 'iklas', 'ridho']","['no', 'apa', 'ga', 'milih', 'anis', 'no', 'jos', 'iklas', 'ridho']",no apa ga milih anis no jos iklas ridho
Pake teks???,pake teks???,"['pake', 'teks', '?', '?', '?']","['pake', 'teks']","['pake', 'teks']",pake teks
Yg satu doyan nonton bok*p yg satu pintar berkata2,yg satu doyan nonton bok*p yg satu pintar berkata2,"['yg', 'satu', 'doyan', 'nonton', 'bok', '*', 'p', 'yg', 'satu', 'pintar', 'berkata2']","['yg', 'doyan', 'nonton', 'bok', 'p', 'yg', 'pintar']","['yg', 'doyan', 'nonton', 'bok', 'p', 'yg', 'pintar']",yg doyan nonton bok p yg pintar
Pak Prabowo the best respect saya pakkððððð . Semoga bapak menang .... Anisss monohok kelihatan sok pinter si jago ngomong tapi blunderr ð¤£ð¤£ð¤£ð¤£ . Kalo di kelas itu tipe orang paling di benci temanÂ² ð¤£ð¤£ð¤£ð¤£ð¤ªð¤ªð¤ªð¤ªð¤ª,pak prabowo the best respect saya pakkððððð . semoga bapak menang .... anisss monohok kelihatan sok pinter si jago ngomong tapi blunderr ð¤£ð¤£ð¤£ð¤£ . kalo di kelas itu tipe orang paling di benci temanâ² ð¤£ð¤£ð¤£ð¤£ð¤ªð¤ªð¤ªð¤ªð¤ª,"['pak', 'prabowo', 'the', 'best', 'respect', 'saya', 'pakkð\x9f\x8e\x89ð\x9f\x8e\x89ð\x9f\x8e\x89ð\x9f\x8e\x89ð\x9f\x8e\x89', '.', 'semoga', 'bapak', 'menang', '....', 'anisss', 'monohok', 'kelihatan', 'sok', 'pinter', 'si', 'jago', 'ngomong', 'tapi', 'blunderr', 'ð\x9f¤£ð\x9f¤£ð\x9f¤£ð\x9f¤£', '.', 'kalo', 'di', 'kelas', 'itu', 'tipe', 'orang', 'paling', 'di', 'benci', 'temanâ²', 'ð\x9f¤£ð\x9f¤£ð\x9f¤£ð\x9f¤£ð\x9f¤ªð\x9f¤ªð\x9f¤ªð\x9f¤ªð\x9f¤ª']","['prabowo', 'the', 'best', 'respect', 'semoga', 'menang', 'anisss', 'monohok', 'sok', 'pinter', 'si', 'jago', 'ngomong', 'blunderr', 'kalo', 'kelas', 'tipe', 'orang', 'benci']","['prabowo', 'the', 'best', 'respect', 'moga', 'menang', 'anisss', 'monohok', 'sok', 'pinter', 'si', 'jago', 'ngomong', 'blunderr', 'kalo', 'kelas', 'tipe', 'orang', 'benci']",prabowo the best respect moga menang anisss monohok sok pinter si jago ngomong blunderr kalo kelas tipe orang benci
Si rambut putih oh tidak.<br>Anis nao nao.<br>Prabowo ððððð,si rambut putih oh tidak.<br>anis nao nao.<br>prabowo ððððð,"['si', 'rambut', 'putih', 'oh', 'tidak.', '<', 'br', '>', 'anis', 'nao', 'nao.', '<', 'br', '>', 'prabowo', 'ð\x9f\x91\x8dð\x9f\x91\x8dð\x9f\x91\x8dð\x9f\x91\x8dð\x9f\x91\x8d']","['si', 'rambut', 'putih', 'oh', 'br', 'anis', 'nao', 'br', 'prabowo']","['si', 'rambut', 'putih', 'oh', 'br', 'anis', 'nao', 'br', 'prabowo']",si rambut putih oh br anis nao br prabowo
bismillah pak Prabowo ðª,bismillah pak prabowo ðª,"['bismillah', 'pak', 'prabowo', 'ð\x9f\x92ª']","['bismillah', 'prabowo']","['bismillah', 'prabowo']",bismillah prabowo
Dulu sya tidak mndukung pa Prabowo tp skrng sya ingin mndukung beliau semoga menang Abah Prabowo..ð¢,dulu sya tidak mndukung pa prabowo tp skrng sya ingin mndukung beliau semoga menang abah prabowo..ð¢,"['dulu', 'sya', 'tidak', 'mndukung', 'pa', 'prabowo', 'tp', 'skrng', 'sya', 'ingin', 'mndukung', 'beliau', 'semoga', 'menang', 'abah', 'prabowo', '..', 'ð\x9f\x98¢']","['sya', 'mndukung', 'pa', 'prabowo', 'tp', 'skrng', 'sya', 'mndukung', 'beliau', 'semoga', 'menang', 'abah', 'prabowo']","['sya', 'mndukung', 'pa', 'prabowo', 'tp', 'skrng', 'sya', 'mndukung', 'beliau', 'moga', 'menang', 'abah', 'prabowo']",sya mndukung pa prabowo tp skrng sya mndukung beliau moga menang abah prabowo
Anis mantap,anis mantap,"['anis', 'mantap']","['anis', 'mantap']","['anis', 'mantap']",anis mantap
Sotau,sotau,['sotau'],['sotau'],['sotau'],sotau
Kenapa yaah selalu menyenggol gada apa yaah kaitan nya dengan<br>Pak Parawobo,kenapa yaah selalu menyenggol gada apa yaah kaitan nya dengan<br>pak parawobo,"['kenapa', 'yaah', 'selalu', 'menyenggol', 'gada', 'apa', 'yaah', 'kaitan', 'nya', 'dengan', '<', 'br', '>', 'pak', 'parawobo']","['yaah', 'menyenggol', 'gada', 'yaah', 'kaitan', 'nya', 'br', 'parawobo']","['yaah', 'senggol', 'gada', 'yaah', 'kait', 'nya', 'br', 'parawobo']",yaah senggol gada yaah kait nya br parawobo
"Jujur setelah liat debat ini saya pindah memilih 02, . Tetap fokus pda program meski diserang","jujur setelah liat debat ini saya pindah memilih 02, . tetap fokus pda program meski diserang","['jujur', 'setelah', 'liat', 'debat', 'ini', 'saya', 'pindah', 'memilih', '02', ',', '.', 'tetap', 'fokus', 'pda', 'program', 'meski', 'diserang']","['jujur', 'liat', 'debat', 'pindah', 'memilih', 'fokus', 'pda', 'program', 'diserang']","['jujur', 'liat', 'debat', 'pindah', 'pilih', 'fokus', 'pda', 'program', 'serang']",jujur liat debat pindah pilih fokus pda program serang
Tak usah mengurus Palestina yaah pak  Anis,tak usah mengurus palestina yaah pak  anis,"['tak', 'usah', 'mengurus', 'palestina', 'yaah', 'pak', 'anis']","['mengurus', 'palestina', 'yaah', 'anis']","['urus', 'palestina', 'yaah', 'anis']",urus palestina yaah anis
Debat cawapres kok malah bahas jabatan yg udah lewat bukann a bahas visimisi kedepan aneh kasian tu no urut dua di srang...semngat yg jujur dan beraih insyaallah jadi,debat cawapres kok malah bahas jabatan yg udah lewat bukann a bahas visimisi kedepan aneh kasian tu no urut dua di srang...semngat yg jujur dan beraih insyaallah jadi,"['debat', 'cawapres', 'kok', 'malah', 'bahas', 'jabatan', 'yg', 'udah', 'lewat', 'bukann', 'a', 'bahas', 'visimisi', 'kedepan', 'aneh', 'kasian', 'tu', 'no', 'urut', 'dua', 'di', 'srang', '...', 'semngat', 'yg', 'jujur', 'dan', 'beraih', 'insyaallah', 'jadi']","['debat', 'cawapres', 'bahas', 'jabatan', 'yg', 'udah', 'bukann', 'a', 'bahas', 'visimisi', 'kedepan', 'aneh', 'kasian', 'tu', 'no', 'urut', 'srang', 'semngat', 'yg', 'jujur', 'beraih', 'insyaallah']","['debat', 'cawapres', 'bahas', 'jabat', 'yg', 'udah', 'bukann', 'a', 'bahas', 'visimisi', 'depan', 'aneh', 'kasi', 'tu', 'no', 'urut', 'srang', 'semngat', 'yg', 'jujur', 'raih', 'insyaallah']",debat cawapres bahas jabat yg udah bukann a bahas visimisi depan aneh kasi tu no urut srang semngat yg jujur raih insyaallah
ap cma gue ya yg ngrasa klo 2 calon itu ktika sesi tanya jawab  arahnya mnjtuhkan pak parbowo smua ð¤ <br>pdahal mrka berdua tidak pernah jdi mntri prthnan dan tidak ada penglaman dlam hal tersbut!<br>Ap mungkin krna survey suara  sementara yg terbnyak adlah psangan prbowo gibran ðð<br>Shingga 2 cpres trsbut <br>mncba untuk mnghsut dan mnjtuhkan prbowo di ruang public<br>Berhrap spya dpat suara tmbhan dri rkyat ðð,ap cma gue ya yg ngrasa klo 2 calon itu ktika sesi tanya jawab  arahnya mnjtuhkan pak parbowo smua ð¤ <br>pdahal mrka berdua tidak pernah jdi mntri prthnan dan tidak ada penglaman dlam hal tersbut!<br>ap mungkin krna survey suara  sementara yg terbnyak adlah psangan prbowo gibran ðð<br>shingga 2 cpres trsbut <br>mncba untuk mnghsut dan mnjtuhkan prbowo di ruang public<br>berhrap spya dpat suara tmbhan dri rkyat ðð,"['ap', 'cma', 'gue', 'ya', 'yg', 'ngrasa', 'klo', '2', 'calon', 'itu', 'ktika', 'sesi', 'tanya', 'jawab', 'arahnya', 'mnjtuhkan', 'pak', 'parbowo', 'smua', 'ð\x9f¤\x94', '<', 'br', '>', 'pdahal', 'mrka', 'berdua', 'tidak', 'pernah', 'jdi', 'mntri', 'prthnan', 'dan', 'tidak', 'ada', 'penglaman', 'dlam', 'hal', 'tersbut', '!', '<', 'br', '>', 'ap', 'mungkin', 'krna', 'survey', 'suara', 'sementara', 'yg', 'terbnyak', 'adlah', 'psangan', 'prbowo', 'gibran', 'ð\x9f\x98\x82ð\x9f\x98\x82', '<', 'br', '>', 'shingga', '2', 'cpres', 'trsbut', '<', 'br', '>', 'mncba', 'untuk', 'mnghsut', 'dan', 'mnjtuhkan', 'prbowo', 'di', 'ruang', 'public', '<', 'br', '>', 'berhrap', 'spya', 'dpat', 'suara', 'tmbhan', 'dri', 'rkyat', 'ð\x9f\x98\x82ð\x9f\x98\x82']","['ap', 'cma', 'gue', 'ya', 'yg', 'ngrasa', 'klo', 'calon', 'ktika', 'sesi', 'arahnya', 'mnjtuhkan', 'parbowo', 'smua', 'br', 'pdahal', 'mrka', 'berdua', 'jdi', 'mntri', 'prthnan', 'penglaman', 'dlam', 'tersbut', 'br', 'ap', 'krna', 'survey', 'suara', 'yg', 'terbnyak', 'adlah', 'psangan', 'prbowo', 'gibran', 'br', 'shingga', 'cpres', 'trsbut', 'br', 'mncba', 'mnghsut', 'mnjtuhkan', 'prbowo', 'ruang', 'public', 'br', 'berhrap', 'spya', 'dpat', 'suara', 'tmbhan', 'dri', 'rkyat']","['ap', 'cma', 'gue', 'ya', 'yg', 'ngrasa', 'klo', 'calon', 'ktika', 'sesi', 'arah', 'mnjtuhkan', 'parbowo', 'smua', 'br', 'pdahal', 'mrka', 'dua', 'jdi', 'mntri', 'prthnan', 'lam', 'dlam', 'tersbut', 'br', 'ap', 'krna', 'survey', 'suara', 'yg', 'terbnyak', 'adlah', 'psangan', 'prbowo', 'gibran', 'br', 'shingga', 'cpres', 'trsbut', 'br', 'mncba', 'mnghsut', 'mnjtuhkan', 'prbowo', 'ruang', 'public', 'br', 'berhrap', 'spya', 'dpat', 'suara', 'tmbhan', 'dri', 'rkyat']",ap cma gue ya yg ngrasa klo calon ktika sesi arah mnjtuhkan parbowo smua br pdahal mrka dua jdi mntri prthnan lam dlam tersbut br ap krna survey suara yg terbnyak adlah psangan prbowo gibran br shingga cpres trsbut br mncba mnghsut mnjtuhkan prbowo ruang public br berhrap spya dpat suara tmbhan dri rkyat
"terlihat siapa yang ambisius mendapatkan jabatan ,sabar pak prabowo ,tangal 14 kita buktikan rakyat indonesia akan membalas semuanya atas apa yang mereka berdua lakukan terhadap pak prabowo ,bukan mereka yang menentukan siapa pemenangnya tetapi kami rakyat indonesia yang menentukan","terlihat siapa yang ambisius mendapatkan jabatan ,sabar pak prabowo ,tangal 14 kita buktikan rakyat indonesia akan membalas semuanya atas apa yang mereka berdua lakukan terhadap pak prabowo ,bukan mereka yang menentukan siapa pemenangnya tetapi kami rakyat indonesia yang menentukan","['terlihat', 'siapa', 'yang', 'ambisius', 'mendapatkan', 'jabatan', ',', 'sabar', 'pak', 'prabowo', ',', 'tangal', '14', 'kita', 'buktikan', 'rakyat', 'indonesia', 'akan', 'membalas', 'semuanya', 'atas', 'apa', 'yang', 'mereka', 'berdua', 'lakukan', 'terhadap', 'pak', 'prabowo', ',', 'bukan', 'mereka', 'yang', 'menentukan', 'siapa', 'pemenangnya', 'tetapi', 'kami', 'rakyat', 'indonesia', 'yang', 'menentukan']","['ambisius', 'jabatan', 'sabar', 'prabowo', 'tangal', 'buktikan', 'rakyat', 'indonesia', 'membalas', 'berdua', 'lakukan', 'prabowo', 'menentukan', 'pemenangnya', 'rakyat', 'indonesia', 'menentukan']","['ambisius', 'jabat', 'sabar', 'prabowo', 'tangal', 'bukti', 'rakyat', 'indonesia', 'balas', 'dua', 'laku', 'prabowo', 'tentu', 'menang', 'rakyat', 'indonesia', 'tentu']",ambisius jabat sabar prabowo tangal bukti rakyat indonesia balas dua laku prabowo tentu menang rakyat indonesia tentu
Wkwkwk,wkwkwk,['wkwkwk'],['wkwkwk'],['wkwkwk'],wkwkwk
Yg bilang Prabowo iklhas..<br>Dari debat sini kita sudah tau.. wibawa Prabowo gak ad...,yg bilang prabowo iklhas..<br>dari debat sini kita sudah tau.. wibawa prabowo gak ad...,"['yg', 'bilang', 'prabowo', 'iklhas', '..', '<', 'br', '>', 'dari', 'debat', 'sini', 'kita', 'sudah', 'tau', '..', 'wibawa', 'prabowo', 'gak', 'ad', '...']","['yg', 'bilang', 'prabowo', 'iklhas', 'br', 'debat', 'tau', 'wibawa', 'prabowo', 'gak', 'ad']","['yg', 'bilang', 'prabowo', 'iklhas', 'br', 'debat', 'tau', 'wibawa', 'prabowo', 'gak', 'ad']",yg bilang prabowo iklhas br debat tau wibawa prabowo gak ad
"Pak Anis pak Anis ampun deh gw, jawaban banyak keliru giliran mojokin pak Prabowo lancar aneh gw","pak anis pak anis ampun deh gw, jawaban banyak keliru giliran mojokin pak prabowo lancar aneh gw","['pak', 'anis', 'pak', 'anis', 'ampun', 'deh', 'gw', ',', 'jawaban', 'banyak', 'keliru', 'giliran', 'mojokin', 'pak', 'prabowo', 'lancar', 'aneh', 'gw']","['anis', 'anis', 'ampun', 'deh', 'gw', 'keliru', 'giliran', 'mojokin', 'prabowo', 'lancar', 'aneh', 'gw']","['anis', 'anis', 'ampun', 'deh', 'gw', 'keliru', 'gilir', 'mojokin', 'prabowo', 'lancar', 'aneh', 'gw']",anis anis ampun deh gw keliru gilir mojokin prabowo lancar aneh gw
hnya omongan prabowo yang bisa dipahami otak,hnya omongan prabowo yang bisa dipahami otak,"['hnya', 'omongan', 'prabowo', 'yang', 'bisa', 'dipahami', 'otak']","['hnya', 'omongan', 'prabowo', 'dipahami', 'otak']","['hnya', 'omong', 'prabowo', 'paham', 'otak']",hnya omong prabowo paham otak
Prabowo Bahas Negara <br><br>Anies &amp; Ganjar Bahas Prabowo <br><br>ð,prabowo bahas negara <br><br>anies &amp; ganjar bahas prabowo <br><br>ð,"['prabowo', 'bahas', 'negara', '<', 'br', '>', '<', 'br', '>', 'anies', '&', 'amp', ';', 'ganjar', 'bahas', 'prabowo', '<', 'br', '>', '<', 'br', '>', 'ð\x9f\x98\x82']","['prabowo', 'bahas', 'negara', 'br', 'br', 'anies', 'amp', 'ganjar', 'bahas', 'prabowo', 'br', 'br']","['prabowo', 'bahas', 'negara', 'br', 'br', 'anies', 'amp', 'ganjar', 'bahas', 'prabowo', 'br', 'br']",prabowo bahas negara br br anies amp ganjar bahas prabowo br br
Salam 2 jari.........,salam 2 jari.........,"['salam', '2', 'jari', '.........']","['salam', 'jari']","['salam', 'jari']",salam jari
